id,topic
1,Художественная литература
2,Детская литература
3,Филологические науки
4,История
5,Мультимедиа
6,Психология
7,Искусство
8,Филологические науки 
9,Психология 
10,Здравоохранение
11,Литературоведение
12,Экономика 
13,Культура
14,Экономика
15,Языкознание
16,Естественные науки
17,Религия
18,Исторические науки
19,Государство и право
20,этнография
21,Этнография
22,Философия
23,Русская литература
24,Библиотечное дело
25,История 
26,Археология
27,Страноведение
28,Право
29,Социология 
30,Рукоделие
31,Современная зарубежная литература
32,Фольклор
33,Технические науки
34,Великая Отечественная война
35,Автобиографическая проза
36,Медицина
37,Русский язык
38,Медицинские науки
39,Женский детектив
40,Образование
41,Русская литература (х
42,Детская художественная литература
43,Философия 
44,Современная женская проза
45,Кулинария
46,Педагогика
47,Бухгалтерский учет
48,Предприятия
49,Физико
50,Детективные повести
51,Фантастические романы и рассказы (х
52,Художественная литература 
53,Предпринимательство
54,Религия 
55,Научно
56,Реклама
57,Торговля
58,Маркетинг
59,Менеджмент
60,Радиоспектакли
61,Социология
62,Кадры
63,Публицистика
64,Дошкольники
65,ХУДОЖЕСТВЕННАЯ ЛИТЕРАТУРА (ПРОИЗВЕДЕНИЯ)
66,Детективные романы и рассказы (х
67,Юридические науки
68,Математика
69,Биологические науки 
70,Вычислительная техника 
71,Женщины
72,Экономические науки
73,Исторические романы и рассказы (х
74,Библиотеки
75,Наука
76,Нехудожественная литература
77,Детектив
78,Финансы
79,Поэзия русская
80,Педагогические науки
81,Бизнес
82,Философские науки 
83,Культурология
84,Краеведение
85,Дети
86,Здравоохранение 
87,Пищевые производства 
88,Конституционное право
89,Делопроизводство
90,Всеобщая история
91,Политика
92,Американская литература
93,Художественная литература – Детектив 
94,Фантастика (х
95,Современная русская литература
96,Управление
97,Современная проза
98,Науки о Земле 
99,Вторая мировая война
100,Ненецкая литература
101,Английский язык
102,Социальная работа
103,Физика
104,Военное дело
105,Государство
106,Трудовое право
107,Сатира и юмор (х
108,"Детективные романы, повести"
109,Русские
110,Кондитерские изделия мучнистые
111,Художественная проза русская
112,Географические науки
113,Зоология
114,Политология
115,Психология социальная
116,Личность
117,художественная литература
118,Информационные технологии
119,Логика
120,Общение деловое
121,Поэзия
122,Роман
123,Транспорт 
124,Гражданское право
125,Экономическая история
126,Государственные и политические деятели
127,Зарубежный любовный роман
128,Изобразительное искусство
129,Историческая литература
130,Советская литература
131,Организации
132,Эзотерика
133,Строительство 
134,Дети раннего возраста
135,Психотерапия
136,фантастика (х
137,Туризм
138,Транспорт
139,Музыка
140,Учебная литература
141,Декоративно
142,Любовь
143,Русская литература до 1917 г
144,Путешествия русские
145,Военная наука
146,Философия немецкая
147,Ненцы
148,Космонавтика
149,Химия
150,Охота
151,Сельское и лесное хозяйство
152,Качество продукции
153,Библиография
154,Личные финансы
155,Приключенческие романы и рассказы (х
156,Общение(психол
157,Маркетинговые коммуникации
158,Иронические романы и рассказы (х
159,Банковское дело
160,Вычислительная техника
161,Беременность
162,Аудит
163,Информатика
164,Криминалистика
165,Военно
166,Генеалогия
167,"INTERNET, глобальная информационная сеть"
168,Экономическая география
169,Труд
170,Жилищное право
171,Недвижимое имущество
172,Естествознание
173,Общественные и гуманитарные науки
174,Бронетанковая техника
175,Казачество
176,Налоговое обложение
177,Экономический анализ
178,Приключенческие романы и рассказы
179,Этнография 
180,Потребители
181,Социальная психология
182,Науки о Земле
183,Инвестиции капитала
184,Философия русская
185,Финансовое право
186,Первая мировая война
187,Физическая культура и спорт
188,Биографическая проза
189,Повести
190,Ханты
191,Русская художественная литература
192,Деньги
193,Фантастика
194,Детективы
195,Французская литература
196,Дети и родители
197,Великая Отечественная война 1941
198,Хантыйский язык
199,Рецептура
200,Промышленные предприятия
201,Педиатрия
202,Школьники
203,Паблик рилейшнз
204,Киноискусство
205,Электротехника
206,Страхование
207,Общеобразовательная школа
208,Экология
209,История географии и географических открытий
210,Шахматы
211,Этнология
212,Музейное дело
213,Коррупция
214,Статистика
215,Менеджмент финансовый
216,Нефть
217,Логопедия
218,Международное частное право
219,Художественно
220,История России
221,Русская литература XX в
222,Социальное обеспечение
223,Языкознание 
224,Экологическое право
225,Географические открытия
226,Компьютеры персональные
227,Биология
228,Фольклор 
229,Управленческий учет
230,Здоровый образ жизни
231,Коммерческое право
232,Консультативная психология
233,Зарубежное фэнтези
234,Психология личности
235,Фирмы
236,Коммерческая деятельность
237,Семейное право
238,Фармакология
239,Предпринимательство малое
240,Книговедение
241,Живопись
242,Физическая культура
243,Литература универсального содержания 
244,Экономические учения
245,Отечественная война
246,Разведка(воен
247,Строительство
248,Астрономия
249,Мировое хозяйство
250,Риторика
251,Внутренние болезни
252,Римское право
253,Афоризмы
254,Гостиничное хозяйство
255,Чтение
256,Культурно
257,Техника и технические науки (в целом) 
258,Этикет
259,Автомобили
260,Торговые предприятия
261,Строительные материалы
262,Исторические романы
263,Архитектура
264,Фэнтези
265,Человек
266,Криминология
267,Товары
268,Производства легкой промышленности 
269,Акушерство
270,Внешнеэкономическая деятельность
271,Коми
272,Литература универсального содержания
273,Менеджеры
274,Немецкий язык
275,Стоматология
276,Вязание
277,Древняя история
278,Уголовное право
279,Мифология
280,Дошкольное воспитание
281,Легковые автомобили
282,Автомобильный транспорт
283,Средства массовой информации
284,Эстетика
285,Сельское хозяйство
286,Религиоведение
287,Уголовный процесс
288,Коммуникации теория
289,Зрение
290,Судебные речи
291,Общественное питание
292,Карьера служебная
293,Ценообразование
294,Зарубежная литература
295,Праздники
296,Право 
297,Иронические детективы
298,Банки
299,Ценные бумаги
300,Судебная медицина
301,Антропология
302,Сестринское дело
303,Биографии российских знаменитостей
304,Организационное поведение
305,Библиотечные фонды
306,Английская литература
307,Зарубежная фантастика
308,"Приключенческие и детективные романы, повести, рассказы"
309,Классическая зарубежная литература
310,Сказки
311,Нотариат
312,Художественное произведение
313,Детская психология
314,Русско
315,Охрана живой природы
316,Риск(экон
317,Логистика в экономике
318,Логистика
319,Библиотековедение
320,Хирургия
321,Великая Отечественная война Советского Союза (1941
322,Собаки
323,Ислам
324,Юридическая психология
325,Конфликтология
326,Военная техника
327,Ветеринария
328,Вероятностей теория
329,Судебно
330,Специальное животноводство
331,Государственное управление
332,Техника 
333,Таможенное право
334,Цветоводство
335,Интерьер
336,Машиностроение 
337,"медицина, здравоохранение"
338,Информационные ресурсы
339,Государственная служба
340,Инновационная деятельность
341,Танки
342,Мемуары
343,Сахарный диабет
344,Информация
345,Музыкальная культура
346,Памятники истории и культуры
347,Языки народов Сибири
348,Пищевые продукты
349,Инвалиды
350,Спорт
351,Менеджмент инновационный
352,Ложь(психол
353,Высшие учебные заведения
354,Социальная работа с детьми
355,Семейное воспитание
356,Гражданская война и военная интервенция в России
357,Муниципальное управление
358,Геология
359,Общая психология
360,Эмоции
361,Адвокатура
362,Психоанализ
363,Эмигранты русские
364,Психиатрия
365,Наследственное право
366,Презентации
367,Педагогическая психология
368,Геополитика
369,Драгоценные камни
370,Ботаника
371,Журналистика
372,Нейрохирургия
373,Актерское искусство
374,Проза русская
375,Семья
376,Экономические кризисы
377,Кино
378,Животноводство
379,Возрастная психология
380,Природные ресурсы
381,Психология общения и взаимодействия
382,Неврозы
383,Антикризисное управление
384,Дошкольная педагогика
385,Ненецкий язык
386,Налоговое право
387,Оленеводство
388,Биологические науки
389,Домашняя кулинария
390,Домоводство
391,Публицистическая проза
392,Энергетика
393,Кондитерские изделия
394,Народная медицина
395,Здоровье
396,Успех
397,Бюджетная система
398,Дошкольные учреждения
399,Фольклор народов Севера
400,Гражданское общество
401,Гидробиология
402,Гражданское процессуальное право
403,Деловая корреспонденция
404,Симптомы
405,Грудные дети
406,Гражданский иск
407,Специальные службы
408,Гражданский процесс
409,Головной мозг
410,Гладиаторы
411,Генетика
412,Вышивание лентами
413,Семья и брак
414,Детская речь
415,Рынки финансовые
416,Образование 
417,Коммерческие организации
418,Книготорговый менеджмент
419,Неорганическая химия
420,Несовершеннолетние
421,Ниндзюцу
422,Квартиры
423,Образовательные учреждения
424,Мышление
425,Общение(социол
426,Обществоведение
427,Операционные системы
428,История науки
429,Органы государственной безопасности
430,Орнамент
431,Налоговый учет
432,Мужчины
433,Охотничье хозяйство
434,Курортное лечение
435,Литература народов Ямала
436,Любовь (х
437,Макроэкономика
438,Лекарственные растения
439,Материаловедение
440,Латинский язык
441,Международная торговля
442,Кредит
443,Международное право
444,Менеджмент стратегический
445,Микробиология
446,Микроэкономика
447,Мировая литература
448,Мистика
449,Историческая проза
450,Палеонтология
451,Деловой этикет
452,Диссертации
453,Другие виды изобразительного искусства
454,Психология любви
455,Психоэмоциональные состояния
456,Путешественник
457,Радиоэлектроника 
458,Дневниковая психотерапия
459,Джаз
460,Проза
461,Репрессии политические
462,Рисунок
463,Розничная торговля
464,Руководители
465,Русская поэзия
466,Рыба
467,Промышленность
468,Жилая площадь
469,Память
470,Поделки
471,Патопсихология
472,Информационное общество
473,Информационно
474,Интернет
475,Пиратство
476,Питание
477,Подростки
478,Правила дорожного движения
479,Пожилые и старые люди
480,Избирательное право
481,Игры
482,Политические лидеры
483,Зоогеография
484,Земельное право
485,Справочная литература
486,Литературное творчество
487,Война в Афганистане
488,Февральская буржуазно
489,Сфера услуг
490,Физиотерапия
491,Эконометрика
492,Юмор и сатира
493,Экономика организации
494,Христианство
495,Воспитание в семье
496,Библиографоведение
497,Трудовые отношения
498,Терапия нетрадиционная
499,Химические науки 
500,Этика
501,Автомобильно
502,Воспитание
503,Эстрадная музыка
504,Энергетика 
505,Ханты (х
506,Внешняя политика
507,Строительная промышленность
508,Библиотечные кадры
509,Внешняя разведка советская
510,Уголовно
511,Административное право
512,Время
513,Человек и окружающая среда
514,Эволюционная биология
515,Буддизм
516,психология
517,Художественная публицистика
518,Сталинизм
519,ПСИХОЛОГИЯ
520,Футбол
521,Информационные войны
522,Парикмахерское дело 
523,Парикмахерское дело
524,Цивилизации
525,Политическая социология
526,Политические партии
527,Цивилизация
528,Политические партии 
529,Политические процессы
530,Охрана труда
531,Политические процессы(ист
532,Очерки
533,Библиотерапия
534,Банковские операции
535,Портативные компьютеры
536,Полководцы
537,Библиотечное образование
538,Политические учения
539,Изобразительное искусство русское
540,Изобразительное искусство и архитектура
541,Художественное конструирование
542,Интерактивная сторона общения
543,Пироги
544,Иностранные языки
545,Информационная безопасность
546,Письма
547,Художественная литература (произведения)
548,Инженерная геология
549,Библейские герои
550,Художественная фотография
551,Земельные участки
552,Интеллектуальная собственность
553,Пищевые производства
554,Подводная война
555,Безопасность жизнедеятельности
556,Имбирь
557,Художественные фильмы
558,Информационное право
559,Поделки из природных материалов
560,Библиотеки вузов
561,Позвоночник
562,Подсознательное
563,Здания и сооружения
564,Похоронное обслуживание
565,Учет и отчетность на промышленных предприятиях
566,Программы(компьют
567,Физиология человека
568,Живая природа
569,Произведения художественной литературы
570,Женщина в Российской Федерации (х
571,Федерализм
572,Естествознание занимательное
573,Бронхиальная астма
574,Брэнд
575,Психогигиена
576,Психокоррекция
577,Духовная культура
578,Психология отношений
579,Французский роман
580,Быт и нравы
581,Психология успеха
582,Уральские поэты
583,Психосемантика
584,Психосоматика
585,Психосоциальная работа
586,Птицы
587,Публичные библиотеки
588,Путешествия
589,Путешествия (д
590,Документы
591,Документальные романы и рассказы (х
592,Живопись французская
593,Животные
594,Программирование для вычислительных сетей
595,Программирование
596,Биографии
597,Фотокинотехника 
598,Фольклор народов Севера Российской Федерации
599,Флотоводцы русские
600,Базы данных
601,Флирт
602,Правовые документы
603,Зарубежный детектив
604,Православие
605,Предприниматели
606,Предпринимательское право
607,Финансовый менеджмент
608,Предпринимательство без образования юридического лица
609,Заработная плата
610,Блокада Ленинграда
611,Заикание
612,Придворный быт
613,Блюда
614,Жилые дома индивидуальные
615,Приключенческие романы и рассказы (д
616,Жилые дома
617,Приключенческие романы и рассказы русские (х
618,Принятие решений
619,Боевое самбо
620,Жизнь знаменитых людей
621,Охрана окружающей среды 
622,Основы безопасности дошкольника
623,Чрезвычайные ситуации
624,Монастыри
625,Мигранты
626,Авиация
627,Кошки домашние
628,Кошки
629,Кофе
630,Костюм
631,Космология
632,Молодежное движение
633,Молодежь
634,Молоко
635,Монархи
636,Автоматика и телемеханика 
637,"Москва, город"
638,Крестьянская война под предводительством С
639,Кооперация
640,Этногенез
641,Автомобилестроение
642,Музыкальные инструменты
643,Муниципальное право
644,Эстрадные певцы французские
645,Налоговое планирование
646,Энциклопедии
647,Нанотехнологии
648,Компьютеры
649,Народное хозяйство
650,Коммуникация речевая
651,Механика
652,Юристы
653,Исторические места и памятники
654,Математические методы
655,Личность и среда
656,"""Норманнская теория"""
657,русская литература XX в
658,Логопедическая помощь детям
659,Литература
660,Лидерство(социол
661,Магия
662,Макияж
663,Малые народы
664,Масонство
665,Массаж
666,менеджмент
667,медицина
668,Августовские события
669,история Сибири
670,Лабораторная диагностика
671,Кухня народов мира
672,"MICROSOFT WINDOWS 7, операционная система"
673,география 
674,Медицинские сестры стоматологических кабинетов
675,"PASCAL, язык программирования"
676,Язычество русское
677,"WWW, глобальная гипертекстовая система"
678,Менеджмент информационный
679,Менеджмент корпоративный
680,Криптография
681,Авторское право
682,Народы Севера
683,Коммунальное хозяйство
684,Опричнина
685,Общественное развитие
686,Кадровый менеджмент
687,Кадровые службы
688,Антропология философская
689,Одежда
690,Океанология
691,Йога терапия
692,Йога
693,Ишемическая болезнь сердца
694,Истребители(авиац
695,Опера
696,Оперативно
697,Организация
698,Население
699,Организация общеобразовательной школы
700,Органическая химия
701,Эвенки
702,Артиллерия
703,Оружие
704,Веб
705,Остеохондроз позвоночника
706,История Отечества
707,Археология 
708,Отечественная художественная литература
709,Исторические романы и рассказы
710,Исторические науки 
711,Картография
712,Обско
713,Анатомия человека
714,Анализ хозяйственной деятельности
715,Автосервис
716,Коммерческие банки
717,Электроснабжение
718,Наука и философия
719,"Науки о Земле (геодезические, геофизические, геологические и географические науки) "
720,Электронные приборы
721,Кожа
722,Национальные проекты
723,Начертательная геометрия
724,Книжное дело
725,Азартные игры
726,Электронная коммерция
727,Книги кириллической печати
728,Нематериальные активы
729,Книга
730,Электрические машины
731,Неоплатонизм
732,Неотложная помощь
733,Классическая литература
734,Нефтяные скважины
735,Альпинизм
736,Киносценарии
737,Новорожденные дети
738,Американская литература (Х
739,Нюрнбергский процесс
740,Украшения самодельные
741,Нефтедобывающая промышленность
742,Таможенное дело
743,Социальная педагогика
744,Детективные романы и рассказы
745,Геронтология социальная
746,Гигиена
747,Товароведение
748,Детективные и приключенческие романы и рассказы
749,Сопротивление материалов
750,Гигиена питания
751,Русская культура
752,Тесты психологические
753,Десерты
754,Сознательная деятельность
755,Русская литература 20 в
756,Современный женский детектив
757,Страх(психол
758,Терроризм
759,Вооруженные силы
760,Термодинамика
761,Товары широкого потребления
762,Социальная политика
763,Рентгеноанатомия
764,Российский детектив
765,Детские библиотеки
766,Туристские услуги
767,Трудовые ресурсы
768,Римское частное право
769,Социальное поведение личности
770,Социальное обслуживание
771,Стихотворения
772,Социально
773,Стоицизм
774,Риэлторская деятельность
775,Столярные работы
776,Трансактный анализ
777,Социальная реклама
778,Влияние психологическое
779,Социальная работа с семьей
780,Российская Федерация
781,Российская Федерация 
782,"Русская литература, 19 в"
783,Русская советская литература
784,Водоснабжение
785,Стрелковое оружие
786,Сказки народов Северной Сибири и Дальнего Востока
787,Строительные сметы
788,Самооборона
789,Самосовершенствование
790,Сатира и юмор
791,Симфонический оркестр
792,"Войны, военная наука и военное искусство СССР в новейшее время (1917"
793,Гуманитарные науки
794,Государственные и политические деятели СССР
795,Судебная риторика
796,Государственные служащие
797,Святыни православные
798,Военные корабли
799,Сердечно
800,Военные самолеты
801,Судоремонтные предприятия
802,Счастье
803,Творческие способности у детей
804,Декупаж
805,Театр
806,Делопроизводство кадровое
807,Советско
808,Русские советские писатели
809,Собаководство
810,Русский вопрос
811,Волосы
812,Демография
813,Военная история
814,Теоретические основы электротехники
815,Деловая литература
816,Глазные болезни
817,Деловые переговоры
818,Славяне
819,Рыбное хозяйство
820,Складское хозяйство
821,Деловая этика
822,Рыночная экономика
823,Детские игры
824,Сольфеджио
825,Средние века
826,Вселенная
827,Уверенность в себе
828,Дискретная математика
829,Дистанционные продажи
830,Растениеводство
831,Рациональное природопользование
832,Диетические блюда
833,Спортивные игры
834,Вязание крючком
835,Детское чтение
836,Вторая мировая война (1939
837,Газоснабжение
838,Спина
839,Реклама в библиотечном деле
840,Региональная экономика
841,Вычислительные сети
842,Всемирная история
843,Книгопечатание
844,Генералиссимусы
845,Гормональная система
846,Книжная торговля
847,Гормональная регуляция
848,Литература Литвы (произведения)
849,Горение
850,Азовское сидение
851,Аквариумы
852,Акварель
853,Литература гротескного реализма (х
854,Книги о путешествиях
855,Литература для бизнеса
856,Горное дело
857,Литература и живопись
858,Книги
859,Акционерные общества
860,Алгебра
861,Города
862,Клубные работники (х
863,Гостиницы
864,Алгебраические уравнения
865,Голубеводство
866,Ковры и ковровые изделия
867,"Войны, военная наука и военное искусство мира в новейшее время с 1945 г"
868,Глобальные проблемы современности
869,"GPSS PC, система моделирования"
870,Коммуникации
871,Коммуникативная сторона общения
872,Вышивание
873,Коммунизм
874,Выжигание по дереву
875,Вычислительные сети 
876,Глаз новорожденных
877,Авторское право на произведения печати
878,Коммерческий подкуп
879,Линейная алгебра
880,Линейные корабли
881,Коммерческие предприятия
882,Глобализация
883,Аграрные отношения
884,Князья в Древней Руси
885,Адвокаты
886,Комиксы
887,Глупость
888,Гносеология
889,Административный процесс
890,Адмиралы флота
891,Голова
892,Коллектив библиотечный
893,Колледжи
894,Головная боль
895,Коленный сустав
896,Коктейли
897,Кожевенное производство
898,"FaceBook, социальные сети"
899,Клиническая фармакология
900,Клиническая диагностика
901,"DELPHI, система программирования"
902,"""Белое движение"""
903,Квиллинг
904,Анализ
905,Квантовая механика
906,Аналитическая химия
907,"""Смутное время"""
908,Английская литература (х
909,Качественный анализ
910,Каталогизация
911,Англо
912,Анималистическая живопись русская
913,"Войны, военная наука и военное искусство CCCР в новейшее время (1917"
914,Карри
915,Антарктида
916,Каратэ
917,Антарктические экспедиции советские
918,Керамика
919,Антиокислители
920,Антисекреторные препараты
921,Капитальные вложения
922,"""M1 General Abrams"", средние танки"
923,Антиутопии
924,Высшее медицинское образование
925,Война за испанское наследство
926,Античная литература
927,"""1С: Предприятие"", автоматизированная система"
928,"""1С: Заработная плата и кадры"", автоматизированная система"
929,Литературное редактирование
930,Гражданская война в России 1918
931,Возмещение вреда
932,Воздушный транспорт
933,"Войны, военная наука и военное искусство России"
934,Киевская оборонительная операция
935,Клиническая симптоматология
936,Государственная власть
937,"AutoCAD, графический редактор"
938,Алеуты
939,Лидерство и власть
940,"Войны, военная наука и военное искусство мира в новейшее время (январь 1944"
941,Клинико
942,Клиника и течение психологических болезней
943,Климатические аномалии
944,Климат
945,Выпечка
946,Климактерический период у женщин
947,Алкогольно
948,Классное руководство
949,Литература народов Дальнего Востока СССР
950,Аллергия
951,Алоэ
952,Амортизационная политика
953,Алхимия
954,Китайская кухня
955,"Войны, военная наука и военное искусство мира в новейшее время (1917"
956,Литература народов Севера Российской Федерации
957,Кинофестивали международные
958,Аляска (х
959,Кинороман
960,Государственное (конституционное) право Российской Федерации
961,Кинорежиссеры
962,Американская (США) литература
963,Киноактеры
964,Кино и телевидение
965,"Войны, военная наука и военное искусство России (с конца 90"
966,"ADOBE PHOTOSHOP CS 4, графический редактор"
967,Коммуникации социальные
968,Комнатное плодоводство
969,Второй период Великой Отечественной войны (ноябрь 1942 
970,Автоматизированные информационно
971,Купля
972,Крепостное право
973,Восточные гимнастические системы
974,Кремли
975,Крейсера
976,Геологические науки
977,Авитаминоз
978,Австро
979,Автобиографическое повествование
980,Кредит банковский
981,Гастродуоденальные кровотечения при язвенной болезни
982,Автобиография
983,Красота
984,Красный Север
985,Кражи квартирные
986,Лауреаты Нобелевской премии
987,Краеведческая библиография
988,Краеведение историческое
989,"MICROSOFT EXCEL, электронные таблицы"
990,Автоматизированные информационные системы управления
991,"MICROSOFT EXCEL 2010, электронные таблицы"
992,Кочевое образование
993,Воспоминания
994,Костюм марийский
995,Воспитание с учетом индивидуальных особенностей ребенка
996,Автоматизированные электрические приводы
997,Ландшафтная архитектура
998,Геоэкономика
999,Ландшафтный дизайн
1000,Космическое пространство
1001,Крестьянская реформа в России 1861 г
1002,Крестьянство
1003,Кризисные ситуации
1004,Кризисы личностные
1005,Культура 
1006,Культтовары
1007,Tatra 815
1008,Гендерные исследования
1009,Кулинарные рецепты 
1010,Кулинарные рецепты
1011,Культура и цивилизация
1012,Кулинарные изделия
1013,"VBA, язык программирования"
1014,WEB
1015,Культура поведения
1016,Куликовская битва
1017,Круизы
1018,Кругосветные плавания русские
1019,Кройка и шитье
1020,Гендерная психология
1021,Временные ряды
1022,Генетика человека
1023,Web 
1024,aЗдравоохранение
1025,Гениальность
1026,Культура правовая
1027,Временная нетрудоспособность
1028,"MICROSOFT WORD, текстовый редактор"
1029,АЛЛЕРГОЛОГИЯ И ИММУНОЛОГИЯ
1030,АНАТОМИЯ
1031,"MICROSOFT WINDOWS XP, операционная система"
1032,Криминалистическая психология
1033,Культурология 
1034,ГЛАЗНИЦА
1035,Легенды и предания средневековые
1036,Гитара
1037,Лечебное питание
1038,Лесное хозяйство
1039,Автомобильное топливо
1040,Лесные ненцы
1041,Конституционное (государственное) право)
1042,Летописи русские
1043,Гидрофизические явления
1044,Консервирование домашнее
1045,Конкуренция
1046,Конкурентоспособность предприятия
1047,Конкурентоспособность
1048,Конечности
1049,Автомобильные дороги
1050,Вооруженные конфликты
1051,Автомобильные перевозки
1052,Автомобильные хозяйства
1053,Гербы городов
1054,Автомоечные предприятия
1055,Herjltkbt
1056,Авторские таблицы
1057,Ливонская война
1058,Гинекология
1059,Гирудотерапия
1060,Компьютерная видеозапись
1061,Композиторы
1062,Комнатные растения
1063,Лидерство
1064,Лидерство в управлении
1065,"RUNET, глобальная информационная сеть"
1066,Воля
1067,Коммунистическое строительство
1068,Лес
1069,Гигиеническая гимнастика
1070,Лепка из пластилина
1071,Консультирование
1072,Героический эпос хантыйский
1073,Косметические средства
1074,"MICROSOFT ACCESS, система управления базами данных"
1075,ГИПЕРТЕНЗИЯ
1076,Легковые автомобили иностранных марок
1077,Коррекционная (специальная) педагогика
1078,Корпоративные информационные системы
1079,Корпоративные высшие учебные заведения
1080,Корпоративная культура
1081,Лейкозы
1082,Короли
1083,Кориандр
1084,Коренные малочисленные народы
1085,Автоматические устройства электронные
1086,Коренное население
1087,ГЕНЕТИКА МЕДИЦИНСКАЯ
1088,Кооперативная торговля
1089,Лекарства
1090,Автоматическое управление и регулирование
1091,Кавказская война
1092,MARC 
1093,Конфессиональная политика в СССР
1094,Контрразведка советская
1095,Автомобильная промышленность
1096,Контрольно
1097,Лекарственная помощь
1098,Гигиена питания детей и подростков
1099,Консультирование в управлении
1100,"Ju 88A, бомбардировщики"
1101,Кавказские войны
1102,Договорное право
1103,Кавалерия
1104,Детская
1105,Законные интересы
1106,Законодательные и директивные материалы
1107,Законодательство
1108,Законотворчество
1109,Закупки государственные
1110,Дети с ограниченными возможностями
1111,Замки
1112,Занимательная арифметика
1113,Блины
1114,Занимательная математика
1115,"Западная Европа, 5"
1116,Виноградарство
1117,Близорукость
1118,Зарубежная классика
1119,Дети с нарушением речи
1120,Виндикация
1121,Задолженность кредиторская
1122,Дети с нарушением зрения
1123,Загадочные явления
1124,Вес тела
1125,Жизнь
1126,Боевые искусства славянские
1127,Боевые искусства для детей
1128,Жилища
1129,Взаимное страхование
1130,Жилищные дела
1131,Детская психология 
1132,Жилиые дома
1133,Боги
1134,Византия
1135,Блюда из сыра
1136,Виктимология
1137,Блюда из рыбы
1138,Зависимое поведение
1139,Виртуальная жизнь
1140,Зарубежная классическая литература
1141,Бокс
1142,Внешняя разведка русская
1143,Земледелие
1144,Земля
1145,Злоупотребление правом
1146,Значки олимпийские
1147,Внутренняя политика
1148,Библиотечные ВУЗы
1149,Зоопсихология
1150,Зрелый возраст
1151,Зрение детей
1152,Зубные протезы несъемные металлокерамические
1153,Зубы
1154,Вода
1155,И
1156,Детали машин
1157,ИСКУССТВО
1158,Землеведение
1159,Библиотечные каталоги
1160,Битва за Ленинград
1161,Детективный роман
1162,Бистро
1163,Зарубежная сантиментальная проза
1164,Бисероплетение
1165,Вирусология
1166,Биржи
1167,Дети младшего школьного возраста
1168,Биржевое дело
1169,Зауралье
1170,Биоэтика
1171,Биохимия
1172,Защита недобросовестной конкуренции
1173,Внешнеторговые сделки
1174,Внешний облик человека
1175,Биология человека
1176,Здоровье населения
1177,Детские игры с пальчиками
1178,Детские костюмы карнавальные
1179,Водное право
1180,Бюрократизм
1181,Бюджетное право
1182,Бюджет
1183,Директ
1184,Дипломные проекты
1185,Дипломатическая служба
1186,Динамические системы
1187,Бытовые машины и приборы
1188,Дошкольные детские дома
1189,Бухгалтерский учет на транспорте
1190,Бухгалтерский баланс
1191,Драматический театр
1192,Драматический театр русский
1193,Дизайн в библиотечном деле
1194,Дизайн
1195,Драматический театр русский советский
1196,Бюджеты семейные
1197,ВИЧ
1198,Бухгалтерская отчетность
1199,ВЛКСМ 
1200,Дозаторы для пищевых продуктов
1201,Валютный курс
1202,Доказательства (юрид
1203,Вегетарианская кухня
1204,Доказывание в уголовном процессе
1205,Дневники экспедиций
1206,Документоведение
1207,Документооборот
1208,Домашнее хозяйство
1209,Домашняя выпечка
1210,Валютные операции
1211,Валютное регулирование
1212,Вексельные операции
1213,Дискурс(лингв
1214,Валеология
1215,Бухгалтерские проводки
1216,Драматургия
1217,Живопись китайская
1218,Естествознание 
1219,Бронеавтомобили
1220,Железная дорога
1221,Женский вопрос
1222,Бразильская литература
1223,Женщина
1224,Женщина и православие
1225,Борьба за мир
1226,Болота
1227,Детские учреждения
1228,Великая Отечественная: Неизвестная война
1229,Болезни эндокринной системы
1230,Венгерский язык
1231,Детские песни
1232,Живопись голландская
1233,Живопись итальянская
1234,Диабет сахарный
1235,Диабетические блюда
1236,Древнерусская литература
1237,Бронепоезда
1238,Бутерброды
1239,Бурение скважин
1240,Древний мир 
1241,Будущее человека
1242,Диетотерапия
1243,Дуговая электросварка
1244,Духовенство военное
1245,Духовенство православное
1246,Диетология
1247,Великая Октябрьская социалистическая революция
1248,Диагностика
1249,Духовно
1250,Духовность(филос
1251,Душевное здоровье
1252,Евреи
1253,Десерты фруктовые
1254,Иван Грозный
1255,КОСМЕТИЧЕСКИЕ СРЕДСТВА
1256,Аудит эффективности
1257,Аудит социальный
1258,Атомные электростанции
1259,Астрометрия
1260,Дауна болезнь
1261,Архитектура русская
1262,Архитектура Севера России
1263,Архивное дело
1264,Археология энеолита
1265,Военное искусство
1266,Военное обмундирование
1267,Датчики электронные
1268,Артриты
1269,История России XII
1270,История СССР
1271,История Сибири
1272,Историческая картография России
1273,Исполнительное производство
1274,ДЕТСКАЯ ПСИХОЛОГИЯ
1275,Аутсорсинг
1276,Информация научная
1277,Ипотека
1278,Балет русский
1279,Искусственные языки
1280,Искусственный интеллект
1281,Балет
1282,Искусство 
1283,Искусство и общество
1284,Декабристы в Тобольской губернии
1285,Дебют(шахм
1286,Движение женщин
1287,Искусство русское
1288,Движение Сопротивления в Норвегии 1940
1289,Искусство русское советское
1290,Искусствоведение
1291,ДОШКОЛЬНЫЕ УЧРЕЖДЕНИЯ
1292,История Ямала
1293,Информация деловая
1294,Арктические экспедиции русские
1295,Военное самолетостроение
1296,История психологии в новейшее время
1297,История скульптуры
1298,Аренда
1299,История фотографии
1300,"История, исторические науки"
1301,Исторяи
1302,Военные автомобили
1303,Итальянская кухня
1304,Итальянский язык
1305,Военные операции
1306,Арбитражный процесс
1307,Гражданско
1308,КАРДИОЛОГИЯ
1309,Военный парусный флот
1310,История освоения Российского Севера
1311,Армия и общество
1312,История библиотечной науки
1313,История музея
1314,ДЕМОГРАФИЯ
1315,История военной авиации
1316,"История войн, военной науки и военного искусства "
1317,История газовой промышленности
1318,Ароматерапия
1319,История географических открытий
1320,Гуманитарная география
1321,История живописи
1322,Групповая деятельность
1323,История ислама
1324,История книги
1325,Грузино
1326,Договоры и сделки
1327,Грибы
1328,История медицины
1329,Банковские системы
1330,Деловая культура
1331,Библиотечная этика
1332,Изобретения
1333,Водопроводные сети
1334,Демократия
1335,Ил
1336,Водопроводные сооружения
1337,Имидж
1338,Имиджелогия
1339,Иммунитет
1340,Библиография краеведческой литературы
1341,Иммунология
1342,Императоры
1343,Библиографическое описание
1344,Инвалиды по психическим болезням
1345,Инвестиции
1346,Инвестиции капитала иностранные
1347,Инвестиционная деятельность
1348,Высшее техническое образование
1349,Библиотеки для детей и молодежи
1350,Библиографические пособия электронные
1351,Денежные переводы
1352,Игра
1353,Игровая педагогика
1354,Игрушки
1355,Игрушки вязаные
1356,Игрушки мягкие самодельные
1357,Библиотечная коммуникация
1358,Иерархические системы управления
1359,Деревообработка
1360,Избирательные права
1361,Изменения социальные
1362,Библиотерапевтический процесс
1363,Изобразительное искусство 
1364,Изобразительное искусство итальянское
1365,Изобразительное искусство христианское
1366,Изобретательство
1367,Инвестиционные проекты
1368,Демография 
1369,Банковское право
1370,Военная стоматология
1371,Информационная культура личности
1372,Информационная экономика
1373,Военная стратегия
1374,Деловой имидж
1375,Безопасность жизнедеятельности на охоте
1376,Военное дело 
1377,Информационное обслуживание
1378,Бег(спорт)
1379,Башкирский язык
1380,Деловое общение
1381,Деловая репутация
1382,Батик
1383,Банкротство
1384,Деловая периодическая печать
1385,Информационный поиск
1386,Информационная деятельность
1387,Информатика экономическая
1388,Индивидуальная гигиена
1389,Белое движение
1390,Индивидуальные качества личности
1391,Инквизиция
1392,Инновации
1393,Бетон
1394,Военная литература
1395,Беседа
1396,Иностранцы
1397,Институционализм(экон
1398,Интеллектуальный капитал
1399,Интеллигенция в СССР (х
1400,Деловой этикет международный
1401,Интервью в радиопередачах
1402,Беременные
1403,Белые армии
1404,Инфекционные болезни
1405,Высшие растения
1406,этнография зарубежных стран
1407,Лица с нарушением речи
1408,Лицо
1409,Сражение у реки Тайпалеен
1410,Средние специальные учебные заведения
1411,Средние статистические величины
1412,Средства массовой информации 
1413,Стабильность(социол
1414,Стандартизация
1415,Стандартизация в туризме
1416,Становление наградной системы
1417,Старопечатные книги
1418,Старость
1419,Стекло в интерьере
1420,Стихи о Ямале
1421,Стоимостный анализ
1422,Стоматологические болезни
1423,Стратегическая авиация
1424,Стратегический менеджмент
1425,Страхование жизни
1426,Страховая деятельность
1427,Страховые компании
1428,Стресс
1429,Строительная механика
1430,Строительные организации
1431,Студенты
1432,Суверенитет
1433,Суд над главными немецкими военными преступниками
1434,Справочные издания
1435,Справочное издание
1436,Справочники
1437,Социолингвистика
1438,Социальная структура общества
1439,Социальная сфера
1440,Социальная феноменология
1441,Социальная экология
1442,Социальное страхование
1443,Социальное управление
1444,Социальные группы малые
1445,Социальные науки
1446,Социальные педагоги
1447,Социобиология
1448,Социокультурное пространство
1449,Социологический очерк
1450,Способности у детей
1451,Социология групп
1452,Социология личности
1453,"Социология семьи, брака и родства"
1454,Социология управления
1455,Социосфера
1456,Спектакли
1457,Специалисты
1458,Специальные библиотеки
1459,Спецназ 
1460,Спиртные напитки
1461,Спортсмены
1462,Суд присяжных
1463,Суда
1464,Судебная система
1465,Трудовой договор
1466,Товары культурно
1467,Тонкостенные конструкции
1468,Торги аукционные
1469,Торговое право
1470,Торговые кадры
1471,Торговые центры городов
1472,Тоталитарное государство
1473,Транспортное право
1474,Тренинг психологический
1475,Тренинг социально
1476,Третейские суды
1477,Трудовые конфликты
1478,Техногенные катастрофы
1479,Туризм международный
1480,Туристско
1481,Туристы
1482,Тюремная субкультура
1483,Тяжелые танки
1484,Убеждение личности
1485,Убыль товаров естественная
1486,Увольнение с работы незаконное
1487,Уголовная политика
1488,Удмуртская литература
1489,Удмурты
1490,Ткани
1491,Техническое черчение
1492,Судебные ошибки
1493,Тара
1494,Судебные решения
1495,Судопроизводство
1496,Суеверия русские
1497,Суставы
1498,Сфера культуры
1499,Счастье(психол
1500,Т
1501,ТОКСИКОЛОГИЯ
1502,Таджико
1503,Таллинская оборонительная операция
1504,Танковое вооружение
1505,Театральные постановки
1506,Терроризм во Франции (х
1507,Телевидение
1508,Телевидение 
1509,Телевизионные фильмы
1510,Тележурналистика
1511,Теоретическая культурология
1512,Теоретическая механика
1513,Теоретические основы и методология исторической науки
1514,Теория вероятностей
1515,Теория информации
1516,Теория управления
1517,Тепловые сети
1518,Социальная психология личности
1519,Социальная защита
1520,Социальная безопасность
1521,Рынки потребительские
1522,Русская литература XIX
1523,Русская литература зарубежная
1524,"Русская литература, 20 в"
1525,Русская поэзия 
1526,Русский военно
1527,Русский драматический театр
1528,Русский язык 
1529,Русское государство
1530,Русское неогегельянство
1531,Русское фэнтези
1532,Рыболовство
1533,Рынки фьючерсные
1534,Русская классика
1535,Рынок услуг
1536,Рыночная конкуренция
1537,СОЗНАНИЕ
1538,СПРАВОЧНИКИ РЕЦЕПТУРНЫЕ БОЛЬНИЧНЫЕ
1539,СТАРЕНИЕ
1540,СТРОЕНИЕ МАТЕРИИ
1541,СУДЕБНАЯ МЕДИЦИНА
1542,Садоводство
1543,Салаты
1544,Самовоспитание
1545,Самодийские народы
1546,Русская литература (Х
1547,Русская Православная церковь
1548,Санитарно
1549,Ритм(муз
1550,Религия в Индии
1551,Репрессии 30
1552,Репрессии 30 
1553,Респираторные болезни детей
1554,Респираторные вирусные болезни
1555,Ресторанный бизнес
1556,Рестораны
1557,Реформы
1558,Речевой фольклор
1559,Риск в торговле
1560,Рисование
1561,Риторика политическая
1562,Рукопись
1563,Родительские собрания
1564,Роды
1565,Рок
1566,"Романовы, Мария Федоровна"
1567,"Романовы, рождение династии"
1568,Российская власть
1569,Россия
1570,Рубрикаторы
1571,Руководитель
1572,Руководство и управление промышленным производством
1573,Рукописные книги
1574,Самоменеджмент
1575,Сборник одного автора
1576,Социализм
1577,Смазочные материалы
1578,Сказки ненецкие
1579,Сказки русские
1580,Сказки русские (х
1581,Сказкотерапия
1582,Скептицизм
1583,Скифы
1584,Скрапбукинг
1585,Скульптура
1586,Славянофильство и русская литература
1587,Славянские языки
1588,Сложные системы
1589,Смех
1590,Сказки английские (х
1591,Смысл жизни
1592,Смысл(филос
1593,Собственность
1594,Советское строительство 
1595,Совещания
1596,Современная литература
1597,Современная отечественная проза
1598,Современная поэзия
1599,Сознание
1600,Сон
1601,Сословия
1602,Сказки детские польские
1603,Сказка в стихах
1604,Сборники афоризмов
1605,Сельскохозяйственная кредитная кооперация
1606,Сбытовая деятельность
1607,Сбытовой маркетинг
1608,Свадебные обряды
1609,Свадьбы
1610,Свобода совести
1611,Свободомыслие и атеизм 
1612,Сводные каталоги
1613,Святослав Игоревич 
1614,Святые места
1615,Севастопольская оборона
1616,Селькупский язык
1617,Сельскохозяйствення мелиорация
1618,Система образования
1619,Семантика(лингв
1620,Семейные отношения
1621,Семейный бюджет
1622,Семья в России
1623,Сердце
1624,Серебряный век
1625,Сестринское дело в педиатрии
1626,Сибирь (х
1627,Символ(филос
1628,Символизм
1629,Система высшего образования
1630,Украинская кухня
1631,Украинская литература
1632,Украшения из бисера
1633,Электромагнетизм
1634,Экономические учения в России
1635,Экономические циклы
1636,Экономическое международное право
1637,Экономическое пространство
1638,Экономическое учение
1639,Экслибрисы
1640,Эксперимент
1641,Экспериментальная психология
1642,Электрические сигналы
1643,Электродинамика
1644,Электрокардиография
1645,Электромагнитное излучение
1646,Экономические системы
1647,Электроника
1648,Электронные библиотеки
1649,Электронные каталоги
1650,Электрооборудование
1651,Электросварка
1652,Элита
1653,Эмблематика
1654,Эмиграция политическая
1655,Эмоциональный интеллект
1656,Эндокринная система
1657,Эндокринные болезни
1658,Экономические споры
1659,Экономические риски
1660,Энциклопедия для детей
1661,Экономика природных ресурсов
1662,ЭКОЛОГИЯ
1663,ЭМОЦИИ
1664,Эволюция(биол
1665,Эзотерические учения
1666,Экзистенциализм
1667,Экзорцизм
1668,Экологическая геология
1669,Экономика животноводства
1670,Экономика нефтяной и газовой промышленности
1671,Экономика охраны окружающей среды
1672,Экономика предприятия
1673,Экономика рекламы
1674,Экономическая теория  права
1675,Экономика рыбного хозяйства
1676,Экономика строительства
1677,Экономика труда
1678,Экономика туризма
1679,Экономисты
1680,Экономическая безопасность
1681,Экономическая история 
1682,Экономическая психология
1683,Экономическая статистика
1684,Экономическая статистика региональная
1685,Экономическая теория
1686,Эндокринные офтальмопатии
1687,Эпидемиология
1688,Штрафы
1689,организация аудита
1690,Японская кухня
1691,библиографические пособия
1692,библиотековедение 
1693,граница
1694,информационные технологии
1695,история
1696,история России
1697,история России 20 в
1698,"международные отношения, история"
1699,"мотивация, поощрение"
1700,мультимедиа
1701,поет Гавриил Лагей
1702,Якуты
1703,полезные ископаемые
1704,политический путь Адольфа Гитлера
1705,психология управления
1706,птицы
1707,самонаблюдение
1708,социальная психология
1709,социология
1710,социология групп
1711,социология управления
1712,управление
1713,экология
1714,Янтарная комната
1715,Языковая политика
1716,Эпилепсия детей
1717,Этносоциология
1718,Эстонская кухня
1719,Эстонская литература
1720,Эстрада
1721,Эстрадные певцы русские
1722,Эсхатология
1723,Этика 
1724,Этикет (для детей)
1725,Этническая психология
1726,Этнометодология
1727,Этнопедагогика
1728,Этносоциальные процессы
1729,Этруски
1730,Языки народов России
1731,Ювелирное искусство
1732,Ювелирные изделия
1733,"Юмористические романы, повести, рассказы"
1734,Юридическая педагогика
1735,Юридическая техника
1736,Юридические лица
1737,Юридические науки 
1738,Ядерное оружие
1739,Ядерное оружие советское
1740,Язык
1741,Язык тела
1742,Штурмовые орудия
1743,Штрафные батальоны
1744,Ульчи
1745,Финансовый капитал в Западной Европе
1746,Физика недр Земли
1747,Физиологические основы гигиены питания
1748,Физическая культура и спорт в высшей школе
1749,Физическая химия
1750,Физический вакуум
1751,Финансовая политика
1752,Финансовая система
1753,Финансовая статистика
1754,Финансовые кризисы
1755,Финансовые отношения
1756,Финансовый анализ
1757,Финансовый контроль
1758,Фиалки узамбарские
1759,Финансы государственные
1760,Финно
1761,Фитомикс
1762,Фитотерапия
1763,Флаги и знамена
1764,Флоризм(иск
1765,Флот
1766,Фокусы
1767,Фольклор мировой 
1768,Фондовые биржи
1769,Фондовые рынки
1770,Фигурное катание на коньках
1771,Фетровые изделия
1772,Фотокинотехника
1773,Усыновление
1774,Уманская оборонительная операция
1775,Умственное воспитание дошкольников
1776,Умственные способности
1777,Университеты
1778,Управление административное
1779,Управление качеством
1780,Управление персоналом
1781,Управление проектами
1782,Управленческий персонал
1783,Усадьбы в художественной литературе
1784,Услуги в социальной сфере
1785,Учащиеся
1786,Фелинология
1787,Учебный центр
1788,Учреждения культуры
1789,ФИЗИОЛОГИЯ
1790,ФИЗИОТЕРАПИЯ (СПЕЦ)
1791,ФИЗИЧЕСКАЯ КУЛЬТУРА ЛЕЧЕБНАЯ
1792,Факторинг
1793,Фалеристика
1794,Фантастические романы и рассказы
1795,Фармацевтические препараты
1796,Фашизм
1797,Фашизм в художественной литературе
1798,Фотография художественная русская
1799,Фотомонтаж
1800,Школьные праздники
1801,Черная металлургия
1802,Художественные изделия из соленого теста
1803,Художественные серебряные изделия русские
1804,Ххудожественная литература
1805,Цвет
1806,Церковь и государство
1807,Ципрофлоксацин
1808,Цифровая фотография
1809,Часы
1810,Человек и природа
1811,Человеческие ресурсы
1812,Челюстно
1813,Чернобыль
1814,Художественное произведение как система
1815,Чукчи
1816,Шаманизм
1817,Шаманизм у ненцев
1818,Шаманство в Хабаровском крае
1819,Шарлатанство в медицине
1820,Шахматные партии
1821,Швейные изделия
1822,Швеция
1823,Школа
1824,Школы
1825,Школьные библиотеки
1826,Художественные изделия
1827,Художественная проза шотландская
1828,Франция
1829,Хозяйственный договор
1830,Французский язык
1831,Франчайзинг
1832,Функции комплексного переменного теория
1833,Футбольные клубы
1834,ХИМИЯ АНАЛИТИЧЕСКАЯ
1835,Хеллоуин
1836,Хивинский поход
1837,Химическая технология
1838,Хищные животные
1839,Ходорковского дело
1840,Хозяйственные предприятия
1841,Хоккей
1842,Художественная проза ирландская
1843,Хоккей с шайбой
1844,Хокку
1845,Холдинг
1846,Холодное оружие
1847,Хореография
1848,Художественая литература
1849,Художественная культура
1850,Художественная литература русская
1851,Художественная обработка дерева
1852,Художественная отделка зданий
1853,Художественная проза
1854,Религия античного мира
1855,Религиозные верования
1856,Религиозная философия
1857,Ненецкий фольклор
1858,Национально
1859,Национальные блюда
1860,Невербальное поведение
1861,Невропатология
1862,Недвижимость
1863,Нейролингвистическое программирование
1864,Нейропсихология
1865,Нейтрино
1866,Некоммерческие организации
1867,Немецкие овчарки
1868,Ненецкие песни
1869,Неонатология
1870,Научные экспедиции
1871,Неоплатонизм (филос
1872,Неотложная кардиология
1873,Неотложная эндокринология
1874,Непродовольственные товары
1875,Непроизводственная сфера
1876,Нервная система детей
1877,Нервно
1878,Нетрадиционная медицина
1879,Нефтедобыча
1880,Нефтяная промышленность
1881,Нефтяные компании
1882,Национальная экономика
1883,Научные открытия
1884,Новейшая история
1885,Народы Севера в х
1886,Нанайский язык
1887,Напитки
1888,Наполеоновские войны
1889,Наркомания
1890,Наркомания детей
1891,Народное творчество
1892,Народное хозяйство России
1893,Народонаселение
1894,Народы Западной Сибири
1895,Народы России
1896,Народы Севера Российской Федерации
1897,Народы Средней Азии
1898,Научные исследования
1899,Народы Ямала
1900,Наружная реклама
1901,Насекомые
1902,Насилие в семье
1903,Наскальные изображения
1904,Наследование
1905,Наследование по закону
1906,Насосы
1907,Наука и научное знание в целом
1908,Научная деятельность
1909,Научная фантастика
1910,Никелевые сплавы жаропрочные
1911,Новогреческий язык
1912,Налоговые платежи
1913,Организационная культура
1914,Оленеводы
1915,Олимпийское движение международное
1916,Онкология
1917,Опека
1918,Опера итальянская
1919,Опера русская
1920,Оперативная хирургия
1921,Оперетта венгерская
1922,Оперные певцы русские
1923,Оптимизация
1924,Ораторское искусство
1925,Организационная психология
1926,Оккультизм
1927,Организация управления
1928,Организованная преступность
1929,Органы внутренних дел
1930,Органы государственной власти
1931,Ордена и награды
1932,Оригами
1933,Орнамент мансийский
1934,Орнитология
1935,Орхидеи
1936,Основные средства
1937,Острогожско
1938,Окружающая среда
1939,Ожирение у детей
1940,Ножи
1941,Обслуживание населения
1942,Ноксология
1943,Ноосфера
1944,Нормативно
1945,Нормативные материалы
1946,Ноты для пения
1947,Нумизматика
1948,ОСТЕОПОРОЗ
1949,Обман
1950,Образ жизни
1951,Образовательные услуги
1952,Обряды православные
1953,Общая биология
1954,Овощные блюда
1955,Общая терапия
1956,Общение
1957,Общение у детей
1958,Общественная мысль
1959,Общественное сознание
1960,Общественный сектор
1961,Общество
1962,Общество и язык
1963,Обыкновенные дифференциальные уравнения
1964,Обычаи и обряды
1965,Обычное право
1966,Налоговые проверки
1967,Налоги
1968,Отделочные работы(строит
1969,Медицинская косметология
1970,Математические формулы
1971,Математическое моделирование
1972,Математическое программирование
1973,Материаловедение и технологии материалов
1974,Материальная культура
1975,Машин и механизмов теория
1976,Машиностроение
1977,Медицина катастроф
1978,"Медицина, здравоохранение"
1979,Медицинская генетика
1980,Медицинская иммунология
1981,Медицинская радиология и рентгенология
1982,Математическая логика
1983,Медицинская экология
1984,Медицинские работники
1985,Медицинские рентгеновские аппараты
1986,Медицинское право
1987,Международная экономика
1988,Международное гуманитарное право
1989,Международное публичное право
1990,Международное торговое право
1991,Международное уголовное право
1992,Международное финансовое право
1993,Международные отношения
1994,Математическая статистика
1995,Марксизм
1996,Межличностные отношения(психол
1997,МИКРОБИОЛОГИЯ
1998,Личность дошкольника
1999,Личные библиотеки
2000,Лишение свободы
2001,Логистика коммерческая
2002,Логистика транспортная
2003,Ломоносов Михаил Васильевич 1711 
2004,Лошади
2005,Льготы
2006,Любовная лирика
2007,Любовь в художественной литературе русской
2008,МЕДСЕСТРИНСКИЙ УХОД
2009,Магазины(торг
2010,Маркетинговые исследования
2011,Малообеспеченные граждане
2012,Малые подводные лодки типа М
2013,Малый бизнес
2014,Мантика
2015,Маркетинг 
2016,Маркетинг в торговле
2017,Маркетинг международный
2018,Маркетинг многоуровневый
2019,Маркетинг стратегический
2020,Маркетинг телефонный
2021,МаркетингЛидерство
2022,Межкультурная коммуникация
2023,Межпланетные полеты к Луне
2024,Налог на прибыль
2025,Музейная экспозиция
2026,Монархия
2027,Монархия в Европе
2028,Монголо
2029,Монополии
2030,Мораль и политика
2031,Моральный вред
2032,Моряки
2033,Мотивация(психол
2034,Мотопехота
2035,Музеи
2036,Музеи антропологии и этнографии 
2037,Музыка немецкая
2038,Молекулярная генетика
2039,Музыка русская
2040,Музыка русская советская
2041,Музыкальная культура России
2042,Музыкальные способности
2043,Мультипликаторы(экон
2044,Мультипликационные фильмы
2045,Муниципальные библиотеки
2046,Мыловарение
2047,НЕВРОЛОГИЯ
2048,НЕФРОЛОГИЯ
2049,НОВООБРАЗОВАНИЙ МАРКЕРЫ БИОЛОГИЧЕСКИЕ
2050,Молодежная политика
2051,Мозаика
2052,Менеджмент логистический
2053,Мировые судьи
2054,Менеджмент персональный
2055,Менеджмент экологический
2056,Мерчандайзинг
2057,Местное самоуправление
2058,Металловедение тяжелых цветных металлов и сплавов
2059,Методика преподавания языков
2060,Методы и техника психотерапии
2061,Метрология
2062,Механизация и автоматизация библиотечно
2063,Мечети
2064,"Ми, вертолеты"
2065,Мистицизм
2066,Модернизация
2067,Мистические и приключенческие романы и рассказы
2068,Мистические романы
2069,Мифология античная
2070,Мифология и религия
2071,Мифология славянская
2072,Мифы
2073,Мифы древнегреческие
2074,Мифы русские
2075,Мифы славянские
2076,Млекопитающие
2077,Модерн(стиль) в изобразительном искусстве
2078,Осуществление и защита гражданских прав
2079,Отдельные виды строительства
2080,Религии мира
2081,Продовольственная безопасность
2082,Приключенческие романы и рассказы английские (х
2083,Приключенческие романы и рассказы итальянские (х
2084,Приключенческие романы и рассказы французские (х
2085,Природа
2086,Природа (х
2087,Приусадебное животноводство
2088,Прически
2089,Провинция
2090,Программирование(компьют
2091,Программные продукты
2092,Программы для обработки текста
2093,Проектирование
2094,Прикладное искусство
2095,Проекционное черчение
2096,Проза Российская
2097,Произведения для сольного пения
2098,Производительность труда
2099,Прокурор в уголовном процессе
2100,Прокурорский надзор
2101,Промысловая рыба
2102,Промышленная политика
2103,Промышленная продукция
2104,Промышленная экология
2105,Промышленные товары
2106,Приключенческие и исторические романы и рассказы
2107,Прикладная социология
2108,Проницательность(психол
2109,Предпринимательство в здравоохранении
2110,Поясничная область
2111,Права потребителей
2112,Права человека
2113,Право Российской Федерации
2114,Правовое регулирование
2115,Правозащитное движение
2116,Правоохранительные органы
2117,Православная психология
2118,Правотворчество
2119,Практическое изучение иностранного языка
2120,Предметизация произведений печати
2121,Предпринимательство международное
2122,Прикладная психология
2123,Предпринимательство посредническое
2124,Предпринимательство семейное
2125,Предприятия несостоятельные
2126,Предприятия общественного питания 
2127,Преподавание
2128,Пресноводные рыбы
2129,Преступление
2130,Преступления
2131,Преступления против здоровья
2132,Преступность
2133,Прикладная математическая статистика
2134,Промышленные фирмы
2135,Протестантская церковь и государство
2136,Поэзия ненецкая
2137,Растения
2138,Рабочее движение
2139,Радиопередачи для детей
2140,Радиоэлектроника
2141,Разведка российская
2142,Разведка экономическая
2143,Разведчики
2144,Развивающие игры
2145,Развитие детей
2146,Развитие и рост личности
2147,Развитие органического мира (филогенез)
2148,Разработка месторождений драгоценных и поделочных камней
2149,Реабилитация социальная
2150,Работники бюджетной сферы
2151,Ревматизм
2152,Революции
2153,Революционное движение
2154,Региональное управление
2155,Регуляция воли
2156,Регуляция психической деятельности и свойств личности
2157,Резание металлов
2158,Резьба по дереву
2159,Реклама в Интернете
2160,Рекламные агентства
2161,Религии
2162,Работники торговли
2163,Работники Крайнего Севера
2164,Профессиональные болезни
2165,Психология когнитивная
2166,Прохоровское сражение
2167,Психическая саморегуляция
2168,Психические расстройства детей
2169,Психолингвистика
2170,Психолог в школе
2171,Психолог на предприятии
2172,Психологическая безопасность
2173,Психологические войны
2174,Психологические науки
2175,Психологический стресс
2176,Психология (коллективов)
2177,Психология общения
2178,РЕСПИРАТОРНЫЕ ИНФЕКЦИИ
2179,Психология развития
2180,Психология религии
2181,Психология семьи и брака
2182,Психология творческой деятельности
2183,Психология творчества
2184,Психология управления
2185,Психоневрологическая помощь в экстремальных ситуациях
2186,Психоэнергетика
2187,Путевые заметки
2188,Путешествия велосипедные
2189,Пушно
2190,Поэма
2191,Поэзия народов Крайнего Севера
2192,Отец
2193,Первобытная археология
2194,Парламентаризм
2195,Партийные организации и их работа на предприятии
2196,Парусный флот
2197,Парфюмерия
2198,Пациенты
2199,Педагогическая деятельность
2200,Педагогическая диагностика
2201,Пение русское
2202,Пенсии
2203,Пенсионное страхование государственное
2204,Первая мировая война 1914
2205,Первобытное общество
2206,Памятники природы
2207,Перевод(лингв
2208,Перидотит
2209,Период Великой Отечественной войны (1941
2210,Пермские языки
2211,Персональный компьютер
2212,Перу
2213,Перцептивная сторона общения
2214,Песни о Ямале
2215,Печень
2216,Пианисты
2217,Писатели русские
2218,Паранормальные явления
2219,Памятники архитектуры
2220,Питание рациональное
2221,Охота в изобразительном искусстве русском
2222,Отмывание денег
2223,Отопительные приборы
2224,Отопительные системы
2225,Отопление
2226,Оториноларингология
2227,Оториноларингология детского возраста
2228,Отравления
2229,Офицеры
2230,Офицеры ВМФ
2231,Офтальмология
2232,Оффшорные компании
2233,Охота с собаками
2234,Палеоазиатские языки
2235,Охотничье стрелковое оружие
2236,Охотничьи собаки
2237,Охрана окружающей среды
2238,ПЕДИАТРИЯ
2239,ПЕРВАЯ МЕДИЦИНСКАЯ ПОМОЩЬ
2240,ПЕРИОДОНТ
2241,ПЕРИОДОНТА БОЛЕЗНИ
2242,ПРАВО
2243,ПРОСТАТИТ
2244,ПРОФЕССИОНАЛЬНЫЕ БОЛЕЗНИ
2245,ПСИХОЛОГИЯ КЛИНИЧЕСКАЯ
2246,Письмо
2247,Пицца
2248,Почки
2249,Полупроводниковые приборы
2250,Политическая культура
2251,Политическая полиция
2252,Политическая философия
2253,Политическая экономия
2254,Политические идеологии
2255,Политические карты и идеология
2256,Политические объединения
2257,Политическое прогнозирование
2258,Полиция
2259,Полководцы русские
2260,Половая жизнь
2261,Полярные экспедиции советские в х
2262,Политическая борьба
2263,Поморы
2264,Поп
2265,Пороки митрального клапана
2266,Пороки сердца детей
2267,Пособия на детей
2268,Постмодернизм(филос
2269,Потребительская кооперация
2270,Потребительский кредит
2271,Потребности культурные
2272,Поход Ермака
2273,Почерк
2274,Политическая власть
2275,Политика и информация
2276,Пищевая аллергия детей
2277,Повседневность
2278,Пищевые добавки биологически активные
2279,Пищевые жиры
2280,Планеты
2281,Планирование промышленных предприятий
2282,Платки
2283,Плацента
2284,Плетение из проволоки
2285,Плод
2286,Плотничные работы
2287,Поведение(психол
2288,Поверхностно
2289,Погрузочно
2290,Политика 
2291,Подводный мир
2292,Подготовка дошкольника к школе
2293,Поделки из бумаги
2294,Пожарная охрана 
2295,Поздравления
2296,Поиск и разведка полезных ископаемых
2297,Поисково
2298,Поколение 20 в
2299,Покупатели
2300,Покушения политические
2301,Полиграфическое производство
2302,"""1С: Бухгалтерия, 7"
